,color,director_name,num_critic_for_reviews,duration,director_facebook_likes,actor_3_facebook_likes,actor_2_name,actor_1_facebook_likes,gross,genres,actor_1_name,movie_title,num_voted_users,cast_total_facebook_likes,actor_3_name,facenumber_in_poster,plot_keywords,movie_imdb_link,num_user_for_reviews,language,country,content_rating,budget,title_year,actor_2_facebook_likes,imdb_score,aspect_ratio,movie_facebook_likes
35,Color,Dan Scanlon,376.0,104.0,37.0,760.0,Tyler Labine,12000.0,268488329.0,Adventure|Animation|Comedy|Family|Fantasy,Steve Buscemi,Monsters University ,235025,14863,Sean Hayes,0.0,cheating|fraternity|monster|singing in a car|university,http://www.imdb.com/title/tt1453405/?ref_=fn_tt_tt_1,265.0,English,USA,G,200000000.0,2013.0,779.0,7.3,1.85,44000
41,Color,John Lasseter,304.0,106.0,487.0,776.0,Thomas Kretschmann,1000.0,191450875.0,Adventure|Animation|Comedy|Family|Sport,Joe Mantegna,Cars 2 ,101178,4482,Eddie Izzard,0.0,best friend|car race|conspiracy|gadget car|spy,http://www.imdb.com/title/tt1216475/?ref_=fn_tt_tt_1,283.0,English,USA,G,200000000.0,2011.0,919.0,6.3,2.35,10000
43,Color,Lee Unkrich,453.0,103.0,125.0,721.0,John Ratzenberger,15000.0,414984497.0,Adventure|Animation|Comedy|Family|Fantasy,Tom Hanks,Toy Story 3 ,544884,19085,Don Rickles,3.0,college|day care|escape|teddy bear|toy,http://www.imdb.com/title/tt0435761/?ref_=fn_tt_tt_1,733.0,English,USA,G,200000000.0,2010.0,1000.0,8.3,1.85,30000
58,Color,Andrew Stanton,421.0,98.0,475.0,522.0,Fred Willard,1000.0,223806889.0,Adventure|Animation|Family|Sci-Fi,John Ratzenberger,WALL·E ,718837,2975,Jeff Garlin,0.0,earth|obesity|plant|robot|soil,http://www.imdb.com/title/tt0910970/?ref_=fn_tt_tt_1,1043.0,English,USA,G,180000000.0,2008.0,729.0,8.4,2.35,16000
91,Color,Robert Zemeckis,188.0,100.0,0.0,267.0,Eddie Deezen,15000.0,665426.0,Adventure|Animation|Family|Fantasy,Tom Hanks,The Polar Express ,120798,16264,Peter Scolari,0.0,boy|christmas|christmas eve|north pole|train,http://www.imdb.com/title/tt0338348/?ref_=fn_tt_tt_1,444.0,English,USA,G,165000000.0,2004.0,726.0,6.6,2.35,10000
119,Color,Brad Bird,318.0,111.0,663.0,954.0,John Ratzenberger,1000.0,206435493.0,Animation|Comedy|Family|Fantasy,Janeane Garofalo,Ratatouille ,473887,4764,Brian Dennehy,0.0,chef|food|french|rat|restaurant,http://www.imdb.com/title/tt0382932/?ref_=fn_tt_tt_1,626.0,English,USA,G,150000000.0,2007.0,1000.0,8.0,2.35,10000
209,Color,Carlos Saldanha,159.0,101.0,107.0,56.0,Rachel Crow,688.0,131536019.0,Adventure|Animation|Comedy|Family|Musical,Miguel Ferrer,Rio 2 ,58498,1031,Jeffrey Garcia,0.0,amazon|bird|father in law|jungle|no opening credits,http://www.imdb.com/title/tt2357291/?ref_=fn_tt_tt_1,99.0,English,USA,G,103000000.0,2014.0,237.0,6.4,2.35,0
238,Color,Pete Docter,250.0,92.0,0.0,773.0,John Ratzenberger,12000.0,289907418.0,Adventure|Animation|Comedy|Family|Fantasy,Steve Buscemi,"Monsters, Inc. ",585659,15013,James Coburn,0.0,friend|little girl|monster|rival|scream,http://www.imdb.com/title/tt0198781/?ref_=fn_tt_tt_1,593.0,English,USA,G,115000000.0,2001.0,1000.0,8.1,1.85,0
277,Color,Ron Clements,228.0,97.0,63.0,525.0,Jenifer Lewis,852.0,104374107.0,Animation|Family|Fantasy|Musical|Romance,Oprah Winfrey,The Princess and the Frog ,89351,2480,Anika Noni Rose,0.0,amphibian|dream|frog|frog prince|waitress,http://www.imdb.com/title/tt0780521/?ref_=fn_tt_tt_1,214.0,English,USA,G,105000000.0,2009.0,578.0,7.1,1.85,5000
297,Color,Gary Trousdale,80.0,91.0,21.0,542.0,Jason Alexander,2000.0,100117603.0,Animation|Drama|Family|Musical|Romance,Demi Moore,The Hunchback of Notre Dame ,102933,4842,Bill Fagerbakke,0.0,15th century|cathedral|gypsy|paris|victor hugo,http://www.imdb.com/title/tt0116583/?ref_=fn_tt_tt_1,230.0,English,USA,G,100000000.0,1996.0,700.0,6.9,1.78,0
298,Color,Mark Dindal,141.0,78.0,10.0,253.0,Wendie Malick,558.0,89296573.0,Adventure|Animation|Comedy|Family|Fantasy,Eartha Kitt,The Emperor's New Groove ,128285,2039,John Fiedler,1.0,antidote|disney|emperor|first part|llama,http://www.imdb.com/title/tt0120917/?ref_=fn_tt_tt_1,297.0,English,USA,G,100000000.0,2000.0,452.0,7.3,1.66,0
323,Color,Steve Martino,208.0,88.0,20.0,36.0,Venus Schultheis,144.0,130174897.0,Adventure|Animation|Comedy|Family,Francesca Capaldi,The Peanuts Movie ,27918,309,Bill Melendez,0.0,dog|girl|imagination|peanuts|red hair,http://www.imdb.com/title/tt2452042/?ref_=fn_tt_tt_1,155.0,English,USA,G,99000000.0,2015.0,42.0,7.2,1.85,33000
338,Color,Andrew Stanton,301.0,100.0,475.0,799.0,Stephen Root,1000.0,380838870.0,Adventure|Animation|Comedy|Family,Alexander Gould,Finding Nemo ,692482,5641,Brad Garrett,0.0,great barrier reef|protective father|separation from family|shark|short term memory loss,http://www.imdb.com/title/tt0266543/?ref_=fn_tt_tt_1,866.0,English,USA,G,94000000.0,2003.0,939.0,8.2,1.85,11000
353,Color,John Lasseter,191.0,82.0,487.0,967.0,John Ratzenberger,15000.0,245823397.0,Adventure|Animation|Comedy|Family|Fantasy,Tom Hanks,Toy Story 2 ,385871,21275,Wayne Knight,2.0,collector|dog|friend|rescue|toy,http://www.imdb.com/title/tt0120363/?ref_=fn_tt_tt_1,515.0,English,USA,G,90000000.0,1999.0,1000.0,7.9,1.85,0
362,Color,Tony Bancroft,143.0,88.0,7.0,484.0,Harvey Fierstein,2000.0,120618403.0,Adventure|Animation|Family|Fantasy|Musical|War,Ming-Na Wen,Mulan ,171792,4478,June Foray,0.0,based on poem|based on true story|china|one word title|the huns,http://www.imdb.com/title/tt0120762/?ref_=fn_tt_tt_1,222.0,English,USA,G,90000000.0,1998.0,500.0,7.5,1.66,12000
384,Color,Carlos Saldanha,240.0,96.0,107.0,350.0,Wanda Sykes,11000.0,143618384.0,Adventure|Animation|Comedy|Family|Musical,Anne Hathaway,Rio ,165333,12071,Will.i.am,0.0,bird|brazilian|cockatoo|macaw|minnesota,http://www.imdb.com/title/tt1436562/?ref_=fn_tt_tt_1,186.0,English,USA,G,90000000.0,2011.0,560.0,7.0,2.35,19000
406,Color,Kevin Lima,84.0,100.0,36.0,439.0,Eric Idle,2000.0,66941559.0,Adventure|Comedy|Family,Ioan Gruffudd,102 Dalmatians ,26413,4182,Jim Carter,1.0,dog|parole|parole officer|prison|puppy,http://www.imdb.com/title/tt0211181/?ref_=fn_tt_tt_1,77.0,English,USA,G,85000000.0,2000.0,795.0,4.8,1.85,372
444,Color,Gary Winick,120.0,97.0,56.0,852.0,Julia Roberts,12000.0,82506325.0,Comedy|Family|Fantasy,Steve Buscemi,Charlotte's Web ,27838,23907,Oprah Winfrey,0.0,barn|pig|piglet|spider|uncle,http://www.imdb.com/title/tt0413895/?ref_=fn_tt_tt_1,102.0,English,USA,G,,2006.0,8000.0,6.4,1.85,0
448,Color,Mike Mitchell,91.0,87.0,31.0,733.0,Jesse McCartney,1000.0,133103929.0,Adventure|Animation|Comedy|Family|Fantasy|Music,Amy Poehler,Alvin and the Chipmunks: Chipwrecked ,22838,4073,Lauren Gottlieb,0.0,chipmunk|cruise ship|football ball|overboard|tennis ball,http://www.imdb.com/title/tt1615918/?ref_=fn_tt_tt_1,56.0,English,USA,G,75000000.0,2011.0,1000.0,4.4,1.85,0
473,Color,Kelly Asbury,106.0,83.0,21.0,495.0,Charles Napier,13000.0,73215310.0,Adventure|Animation|Family|Western,Matt Damon,Spirit: Stallion of the Cimarron ,44143,14261,Zahn McClarnon,0.0,cavalry|escape|herd|stallion|wild stallion,http://www.imdb.com/title/tt0166813/?ref_=fn_tt_tt_1,216.0,English,USA,G,80000000.0,2002.0,503.0,7.0,2.35,4000
480,Color,James Algar,129.0,74.0,11.0,62.0,Penn Jillette,340.0,60507228.0,Animation|Family|Fantasy|Music,Quincy Jones,Fantasia 2000 ,27543,814,Russi Taylor,0.0,abstract|ark|disney|fairy tale|piano,http://www.imdb.com/title/tt0120910/?ref_=fn_tt_tt_1,186.0,English,USA,G,80000000.0,1999.0,243.0,7.3,1.78,607
500,Color,George Miller,61.0,97.0,750.0,231.0,Elizabeth Daily,1000.0,18318000.0,Adventure|Comedy|Drama|Family|Fantasy,Adam Goldberg,Babe: Pig in the City ,24868,2521,Glenne Headly,0.0,animal|farm|farmer|hotel|pig,http://www.imdb.com/title/tt0120595/?ref_=fn_tt_tt_1,216.0,English,Australia,G,80000000.0,1998.0,971.0,5.8,1.85,964
504,Color,Jacques Perrin,113.0,104.0,63.0,7.0,Jacques Perrin,67.0,19406406.0,Documentary|Drama,Pedro Armendáriz Jr.,Oceans ,7630,152,Rie Miyazawa,0.0,damselfish|ocean habitat|ocean life|razorfish|spider crab,http://www.imdb.com/title/tt0765128/?ref_=fn_tt_tt_1,42.0,French,France,G,40000000.0,2009.0,63.0,7.8,2.35,0
509,Color,Roger Allers,186.0,73.0,28.0,847.0,Nathan Lane,2000.0,422783777.0,Adventure|Animation|Drama|Family|Musical,Matthew Broderick,The Lion King ,644348,6458,Niketa Calame,0.0,king|prince|scar|uncle|unnecessary guilt,http://www.imdb.com/title/tt0110357/?ref_=fn_tt_tt_1,656.0,English,USA,G,45000000.0,1994.0,886.0,8.5,1.66,17000
583,Color,John Lasseter,256.0,117.0,487.0,769.0,Cheech Marin,1000.0,244052771.0,Adventure|Animation|Comedy|Family|Sport,John Ratzenberger,Cars ,263853,4905,George Carlin,0.0,car|desert|route 66|tow truck|truck,http://www.imdb.com/title/tt0317219/?ref_=fn_tt_tt_1,584.0,English,USA,G,120000000.0,2006.0,843.0,7.2,2.35,0
657,Color,Michael Lembeck,80.0,104.0,54.0,775.0,Aisha Tyler,901.0,139225854.0,Comedy|Family|Fantasy,Judge Reinhold,The Santa Clause 2 ,34561,5265,Eric Lloyd,0.0,christmas|magic|santa claus|son|toy,http://www.imdb.com/title/tt0304669/?ref_=fn_tt_tt_1,116.0,English,USA,G,60000000.0,2002.0,857.0,5.5,1.85,1000
714,Color,Mark Dindal,161.0,81.0,10.0,397.0,Fred Willard,925.0,135381507.0,Adventure|Animation|Comedy|Family|Sci-Fi,Catherine O'Hara,Chicken Little ,63912,2252,Amy Sedaris,0.0,alien invasion|chicken|fish|friend|panic,http://www.imdb.com/title/tt0371606/?ref_=fn_tt_tt_1,251.0,English,USA,G,150000000.0,2005.0,729.0,5.8,1.85,912
756,Color,Sam Fell,118.0,93.0,18.0,903.0,Matthew Broderick,9000.0,50818750.0,Adventure|Animation|Comedy|Family|Fantasy,Emma Watson,The Tale of Despereaux ,31209,13403,Frank Langella,0.0,book|darkness|dungeon|princess|rat,http://www.imdb.com/title/tt0420238/?ref_=fn_tt_tt_1,106.0,English,UK,G,60000000.0,2008.0,2000.0,6.1,2.35,0
839,Color,Mike Gabriel,92.0,84.0,12.0,752.0,Frank Welker,23000.0,141600000.0,Adventure|Animation|Drama|Family|History|Musical|Romance,Christian Bale,Pocahontas ,119675,26754,Irene Bedard,1.0,actor playing multiple roles|love|one word title|unsubtitled foreign language|virginia,http://www.imdb.com/title/tt0114148/?ref_=fn_tt_tt_1,216.0,English,USA,G,55000000.0,1995.0,2000.0,6.6,1.78,0
902,Color,Don Bluth,78.0,94.0,383.0,753.0,Kelsey Grammer,4000.0,58297830.0,Adventure|Animation|Drama|Family|Fantasy|Musical|Mystery|Romance,Kirsten Dunst,Anastasia ,86347,6017,Bernadette Peters,1.0,amnesia|reference to anastasia romanov|romanov|russia|russian revolution,http://www.imdb.com/title/tt0118617/?ref_=fn_tt_tt_1,191.0,English,USA,G,50000000.0,1997.0,808.0,7.1,2.35,0
963,Color,Matthew O'Callaghan,87.0,78.0,5.0,1000.0,Frank Welker,8000.0,58336565.0,Adventure|Animation|Comedy|Family,Will Ferrell,Curious George ,12845,11124,Alexander Gould,0.0,hat|monkey|museum|shrine|yellow,http://www.imdb.com/title/tt0381971/?ref_=fn_tt_tt_1,118.0,English,USA,G,50000000.0,2006.0,2000.0,6.6,1.85,624
964,Color,Angela Robinson,117.0,101.0,23.0,541.0,Thomas Lennon,660.0,66002004.0,Adventure|Comedy|Family|Fantasy|Romance|Sport,Scoot McNairy,Herbie Fully Loaded ,36431,2177,Cheryl Hines,1.0,automobile racing|car|mechanic|nascar|street racing,http://www.imdb.com/title/tt0400497/?ref_=fn_tt_tt_1,168.0,English,USA,G,50000000.0,2005.0,651.0,4.7,1.85,1000
1078,Color,Garry Marshall,77.0,113.0,0.0,995.0,Raven-Symoné,11000.0,95149435.0,Comedy|Family|Romance,Anne Hathaway,The Princess Diaries 2: Royal Engagement ,53687,15362,Hector Elizondo,2.0,coronation|horse|princess|queen|side saddle,http://www.imdb.com/title/tt0368933/?ref_=fn_tt_tt_1,152.0,English,USA,G,40000000.0,2004.0,1000.0,5.7,1.85,1000
1095,Color,John Lasseter,117.0,95.0,487.0,1000.0,Madeline Kahn,18000.0,162792677.0,Adventure|Animation|Comedy|Family|Fantasy,Kevin Spacey,A Bug's Life ,211226,24205,John Ratzenberger,0.0,ant|circus|grasshopper|misunderstanding|overhearing,http://www.imdb.com/title/tt0120623/?ref_=fn_tt_tt_1,317.0,English,USA,G,120000000.0,1998.0,1000.0,7.2,2.35,0
1156,Color,Peter Lord,187.0,84.0,91.0,206.0,Miranda Richardson,579.0,106793915.0,Adventure|Animation|Comedy|Drama|Family,Imelda Staunton,Chicken Run ,140499,1817,Julia Sawalha,0.0,chicken|escape|farm|freedom|rooster,http://www.imdb.com/title/tt0120630/?ref_=fn_tt_tt_1,358.0,English,UK,G,45000000.0,2000.0,530.0,7.0,1.85,0
1284,Color,Frederik Du Chau,34.0,86.0,7.0,795.0,Jaleel White,10000.0,22717758.0,Adventure|Animation|Comedy|Drama|Family|Fantasy|Musical,Gary Oldman,The Magic Sword: Quest for Camelot ,11156,14275,Eric Idle,0.0,camelot|dragon|excalibur|knight|sword,http://www.imdb.com/title/tt0120800/?ref_=fn_tt_tt_1,67.0,English,USA,G,40000000.0,1998.0,908.0,6.2,1.85,0
1395,Color,Kirk De Micco,85.0,81.0,16.0,387.0,Kenan Thompson,541.0,30105968.0,Adventure|Animation|Comedy|Family|Sci-Fi,Cheryl Hines,Space Chimps ,8860,2268,Omid Abtahi,0.0,astronaut|attacked by a plant|planet|senator|space travel,http://www.imdb.com/title/tt0482603/?ref_=fn_tt_tt_1,45.0,English,USA,G,37000000.0,2008.0,521.0,4.5,2.35,279
1470,Color,Gary Chapman,93.0,76.0,2.0,72.0,Olivia Williams,1000.0,19447478.0,Adventure|Animation|Comedy|Family|War,Jim Broadbent,Valiant ,15788,1908,Pip Torrens,0.0,dove|falcon|nursing|pigeon|psychological torture,http://www.imdb.com/title/tt0361089/?ref_=fn_tt_tt_1,80.0,English,UK,G,35000000.0,2005.0,766.0,5.6,1.85,538
1517,Color,Hayao Miyazaki,256.0,101.0,6000.0,2.0,Yûki Amami,6.0,15081783.0,Adventure|Animation|Family|Fantasy,Rumi Hiiragi,Ponyo ,85589,13,Yuria Nara,0.0,children adventure|magical realism|sea goddess|small town|tsunami,http://www.imdb.com/title/tt0876563/?ref_=fn_tt_tt_1,144.0,Japanese,Japan,G,34000000.0,2008.0,3.0,7.7,1.85,0
1567,Color,Mark Dindal,18.0,75.0,10.0,826.0,Frank Welker,3000.0,3562749.0,Animation|Comedy|Family|Fantasy|Musical,George Kennedy,Cats Don't Dance ,5600,7394,Hal Holbrook,0.0,animal|cat|child star|hollywood|star,http://www.imdb.com/title/tt0118829/?ref_=fn_tt_tt_1,49.0,English,USA,G,32000000.0,1997.0,2000.0,6.9,1.33,643
1588,Color,John Lasseter,166.0,74.0,487.0,802.0,John Ratzenberger,15000.0,191796233.0,Adventure|Animation|Comedy|Family|Fantasy,Tom Hanks,Toy Story ,623757,19046,Jim Varney,1.0,claw crane|cowboy|jealousy|rivalry|toy,http://www.imdb.com/title/tt0114709/?ref_=fn_tt_tt_1,391.0,English,USA,G,30000000.0,1995.0,1000.0,8.3,1.85,0
1598,Color,Garry Marshall,108.0,111.0,0.0,529.0,Hector Elizondo,11000.0,108244774.0,Comedy|Family|Romance,Anne Hathaway,The Princess Diaries ,94049,13645,Heather Matarazzo,2.0,cinderella story|fish out of water|makeover|manners|princess,http://www.imdb.com/title/tt0247638/?ref_=fn_tt_tt_1,301.0,English,USA,G,37000000.0,2001.0,995.0,6.2,1.85,0
1608,Color,Peter Chelsom,131.0,102.0,23.0,635.0,Vanessa Williams,1000.0,79566871.0,Comedy|Drama|Family|Music|Romance,Emily Osment,Hannah Montana: The Movie ,31760,4516,Moises Arias,2.0,farm|female protagonist|hannah montana|horseback riding|overalls,http://www.imdb.com/title/tt1114677/?ref_=fn_tt_tt_1,140.0,English,USA,G,30000000.0,2009.0,1000.0,4.2,1.85,0
1609,Color,Stig Bergqvist,41.0,78.0,0.0,786.0,Casey Kasem,971.0,76501438.0,Adventure|Animation|Comedy|Family|Romance,Elizabeth Daily,Rugrats in Paris: The Movie ,8146,4527,Debbie Reynolds,0.0,amusement park|baby|france|paris france|villain,http://www.imdb.com/title/tt0213203/?ref_=fn_tt_tt_1,49.0,English,Germany,G,30000000.0,2000.0,844.0,6.1,1.85,181
1617,Color,Chris Noonan,79.0,91.0,108.0,204.0,Christine Cavanaugh,405.0,66600000.0,Comedy|Drama|Family,Miriam Margolyes,Babe ,94435,1185,Roscoe Lee Browne,0.0,dog|farmer|pig|sheep|sheepdog,http://www.imdb.com/title/tt0112431/?ref_=fn_tt_tt_1,182.0,English,Australia,G,30000000.0,1995.0,368.0,6.8,1.85,5000
1635,Color,Steve Box,209.0,85.0,9.0,100.0,Geraldine McEwan,567.0,56068547.0,Animation|Comedy|Family|Mystery|Sci-Fi,Mark Gatiss,The Curse of the Were-Rabbit ,98160,1145,Peter Sallis,0.0,competition|giant vegetable|pest control|stop motion animation|vegetable,http://www.imdb.com/title/tt0312004/?ref_=fn_tt_tt_1,307.0,English,UK,G,30000000.0,2005.0,269.0,7.5,1.85,0
1670,Color,Stephen J. Anderson,162.0,63.0,15.0,69.0,Robert Lopez,759.0,26687172.0,Adventure|Animation|Comedy|Family|Musical,Craig Ferguson,Winnie the Pooh ,15600,1002,Huell Howser,0.0,disney|owl|rabbit|sequel|tiger,http://www.imdb.com/title/tt1449283/?ref_=fn_tt_tt_1,55.0,English,USA,G,30000000.0,2011.0,73.0,7.3,1.85,0
1747,Color,Ron Clements,124.0,90.0,63.0,631.0,Frank Welker,49000.0,217350219.0,Adventure|Animation|Comedy|Family|Fantasy|Musical|Romance,Robin Williams,Aladdin ,260939,52970,Scott Weinger,0.0,arab|genie|magic|princess|reference to a thousand and one nights,http://www.imdb.com/title/tt0103639/?ref_=fn_tt_tt_1,244.0,English,USA,G,28000000.0,1992.0,2000.0,8.0,1.33,0
1750,Color,Igor Kovalyov,45.0,83.0,5.0,368.0,Cree Summer,971.0,100491683.0,Adventure|Animation|Comedy|Drama|Family|Musical,Elizabeth Daily,The Rugrats Movie ,14005,3438,Christine Cavanaugh,0.0,baby|home|hospital|lost|newborn baby,http://www.imdb.com/title/tt0134067/?ref_=fn_tt_tt_1,67.0,English,USA,G,24000000.0,1998.0,503.0,5.9,1.85,418
1782,Color,Jacques Perrin,100.0,81.0,63.0,,Philippe Labro,63.0,10762178.0,Documentary,Jacques Perrin,Winged Migration ,10369,66,,0.0,arctic|bad weather|flight|migration|ocean,http://www.imdb.com/title/tt0301727/?ref_=fn_tt_tt_1,153.0,English,France,G,160000000.0,2001.0,3.0,8.0,1.85,1000
1881,Color,John A. Davis,66.0,82.0,8.0,179.0,Rob Paulsen,770.0,80920948.0,Action|Adventure|Animation|Comedy|Family|Sci-Fi,Martin Short,Jimmy Neutron: Boy Genius ,23943,2251,Andrea Martin,0.0,alien|boy genius|children|genius|rescue,http://www.imdb.com/title/tt0268397/?ref_=fn_tt_tt_1,118.0,English,USA,G,30000000.0,2001.0,677.0,6.0,1.85,425
1933,Color,Richard Fleischer,79.0,160.0,130.0,288.0,Richard Anderson,469.0,14500000.0,Action|Drama|History|War,Joseph Cotten,Tora! Tora! Tora! ,25019,1548,James Whitmore,0.0,attack|hawaii|navy|pearl harbor|u.s. navy,http://www.imdb.com/title/tt0066473/?ref_=fn_tt_tt_1,159.0,English,Japan,G,25000000.0,1970.0,377.0,7.5,2.35,0
1942,Color,Tim Fywell,67.0,98.0,3.0,28.0,Trevor Blumas,90.0,24381334.0,Comedy|Drama|Family|Sport,Connie Ray,Ice Princess ,19737,235,Amy Stewart,2.0,championship|coach|harvard|physics|zamboni,http://www.imdb.com/title/tt0396652/?ref_=fn_tt_tt_1,81.0,English,USA,G,,2005.0,89.0,6.0,1.85,901
1957,Color,Steve Barron,19.0,90.0,48.0,376.0,Udo Kier,940.0,15091542.0,Adventure|Family|Fantasy|Musical,Martin Landau,The Adventures of Pinocchio ,4086,2465,Bebe Neuwirth,2.0,based on novel|human becoming an animal|slow motion|transformation|young boy,http://www.imdb.com/title/tt0115472/?ref_=fn_tt_tt_1,22.0,Italian,UK,G,25000000.0,1996.0,595.0,5.3,2.35,246
2009,Color,Jérôme Deschamps,4.0,80.0,0.0,0.0,André Wilms,44.0,,Adventure|Animation|Comedy,Yolande Moreau,The True Story of Puss'N Boots ,753,53,Jérôme Deschamps,0.0,cartoon cat|cat|character name in title|puss in boots|surrealism,http://www.imdb.com/title/tt1239462/?ref_=fn_tt_tt_1,24.0,English,France,G,25000000.0,2009.0,9.0,2.9,,90
2010,Color,Inna Evlannikova,16.0,85.0,0.0,7.0,Evgeniy Mironov,21.0,,Adventure|Animation|Comedy|Family,Sergey Garmash,Space Dogs ,891,48,Aleksandr Bashirov,0.0,dog|flea|meteor|space|space dog,http://www.imdb.com/title/tt1272051/?ref_=fn_tt_tt_1,8.0,Russian,Russia,G,25000000.0,2010.0,15.0,5.2,,200
2013,Color,Sergey Bondarchuk,16.0,134.0,27.0,87.0,Dan O'Herlihy,279.0,,Action|Drama|History|War,Rod Steiger,Waterloo ,5911,705,Jack Hawkins,2.0,battle|costume drama|final battle|napoleon|napoleon bonaparte,http://www.imdb.com/title/tt0066549/?ref_=fn_tt_tt_1,76.0,English,Italy,G,25000000.0,1970.0,128.0,7.3,2.35,690
2036,Color,Tim Hill,70.0,87.0,25.0,611.0,F. Murray Abraham,1000.0,16290976.0,Adventure|Comedy|Family|Fantasy|Music|Sci-Fi,Josh Charles,Muppets from Space ,14637,3243,David Arquette,0.0,alien|breakfast|escape|rat|ufo,http://www.imdb.com/title/tt0158811/?ref_=fn_tt_tt_1,100.0,English,USA,G,24000000.0,1999.0,670.0,6.2,1.85,619
2037,Color,Sidney Lumet,32.0,118.0,0.0,227.0,Diana Ross,738.0,13000000.0,Adventure|Family|Fantasy|Music|Musical,Lena Horne,The Wiz ,10895,1458,Theresa Merritt,0.0,melancholy|new york city|sadness|teacher|wizard,http://www.imdb.com/title/tt0078504/?ref_=fn_tt_tt_1,150.0,English,USA,G,24000000.0,1978.0,295.0,5.2,1.85,0
2044,Color,Richard Williams,10.0,80.0,18.0,73.0,Kenneth Williams,742.0,669276.0,Action|Adventure|Animation|Comedy|Fantasy,Donald Pleasence,The Princess and the Cobbler ,2541,1088,Clive Revill,0.0,cobbler|desert|gold|princess|thief,http://www.imdb.com/title/tt0112389/?ref_=fn_tt_tt_1,47.0,English,UK,G,28000000.0,1993.0,83.0,7.2,2.35,408
2084,Color,John Lee Hancock,92.0,127.0,102.0,1000.0,Jay Hernandez,2000.0,75597042.0,Drama|Family|Sport,Dennis Quaid,The Rookie ,26434,6657,Angus T. Jones,0.0,baseball|coach|high school|pitching|texas,http://www.imdb.com/title/tt0265662/?ref_=fn_tt_tt_1,174.0,English,USA,G,20000000.0,2002.0,1000.0,7.0,2.35,0
2114,Color,Blake Edwards,22.0,143.0,688.0,42.0,Vernon Dobtcheff,638.0,5000000.0,Comedy|Drama|Musical|Romance|War,Rock Hudson,Darling Lili ,1547,788,Jeremy Kemp,2.0,crepe suzette|french|mata hari spoof|song|spy,http://www.imdb.com/title/tt0065611/?ref_=fn_tt_tt_1,50.0,English,USA,G,25000000.0,1970.0,50.0,6.2,2.35,104
2183,Color,Robin Budd,80.0,72.0,2.0,434.0,Rob Paulsen,1000.0,48423368.0,Adventure|Animation|Family|Fantasy,Roger Rees,Return to Never Land ,13324,3402,Spencer Breslin,1.0,1940s|gang that lives together|outlaw gang|rescue|sequel,http://www.imdb.com/title/tt0280030/?ref_=fn_tt_tt_1,79.0,English,USA,G,20000000.0,2002.0,677.0,5.8,1.66,302
2185,Color,Steve Trenbirth,85.0,72.0,0.0,384.0,Phil Collins,3000.0,47887943.0,Adventure|Animation|Family|Musical,Haley Joel Osment,The Jungle Book 2 ,11634,4480,Tony Jay,0.0,dog|jungle|shot gun|tiger|village,http://www.imdb.com/title/tt0283426/?ref_=fn_tt_tt_1,58.0,English,USA,G,20000000.0,2003.0,455.0,5.4,1.85,227
2188,Color,Jun Falkenstein,89.0,77.0,25.0,16.0,John Fiedler,304.0,45542421.0,Animation|Comedy|Drama|Family|Musical,Kath Soucie,The Tigger Movie ,13319,575,Ken Sansom,0.0,cartoon tiger|coming of age|tiger|tigger|title directed by female,http://www.imdb.com/title/tt0220099/?ref_=fn_tt_tt_1,53.0,English,USA,G,30000000.0,2000.0,253.0,6.3,1.78,347
2254,Color,Frank Nissen,45.0,68.0,0.0,253.0,Brenda Blethyn,304.0,18081626.0,Animation|Family|Fantasy|Mystery,Kath Soucie,Pooh's Heffalump Movie ,4180,861,John Fiedler,0.0,creature|forest|mother son relationship|rabbit|winnie the pooh,http://www.imdb.com/title/tt0407121/?ref_=fn_tt_tt_1,32.0,English,USA,G,20000000.0,2005.0,286.0,6.4,1.85,264
2258,Color,Peter Hastings,43.0,88.0,0.0,939.0,Alex Rocco,3000.0,16988996.0,Comedy|Family|Music|Musical,Haley Joel Osment,The Country Bears ,3875,8189,Stephen Root,1.0,animal in title|bear|box office flop|disney|satire,http://www.imdb.com/title/tt0276033/?ref_=fn_tt_tt_1,75.0,English,USA,G,35000000.0,2002.0,968.0,4.0,1.85,422
2266,Color,George Stevens,27.0,225.0,126.0,202.0,Carroll Baker,940.0,8000000.0,Biography|Drama|History,Martin Landau,The Greatest Story Ever Told ,6484,1934,José Ferrer,6.0,70mm film|biblical epic|faith|jewish|king herod,http://www.imdb.com/title/tt0059245/?ref_=fn_tt_tt_1,100.0,English,USA,G,20000000.0,1965.0,208.0,6.6,2.76,1000
2299,Color,Bob Fosse,15.0,154.0,189.0,388.0,Ricardo Montalban,683.0,,Comedy|Drama|Music|Musical|Romance,Sammy Davis Jr.,Sweet Charity ,3454,2172,Ben Vereen,0.0,charity|dancer|foreign language adaptation|hope|taxi dancer,http://www.imdb.com/title/tt0065054/?ref_=fn_tt_tt_1,64.0,English,USA,G,20000000.0,1969.0,641.0,7.0,2.35,548
2301,Color,Dave Borthwick,31.0,77.0,3.0,593.0,Kylie Minogue,787.0,7382993.0,Adventure|Animation|Comedy|Family|Fantasy,Jimmy Fallon,Doogal ,3851,2185,Jon Stewart,0.0,diamond|lava|magic|mountain|sorcerer,http://www.imdb.com/title/tt0763304/?ref_=fn_tt_tt_1,114.0,English,USA,G,20000000.0,2006.0,690.0,2.8,1.85,346
2332,Color,Matthew Diamond,28.0,88.0,12.0,231.0,Garrett Clayton,979.0,1064277.0,Adventure|Family|Fantasy|Musical,Chazz Palminteri,The Oogieloves in the Big Balloon Adventure ,14015,1978,Toni Braxton,0.0,balloon|birthday|box office flop|critically bashed,http://www.imdb.com/title/tt1520498/?ref_=fn_tt_tt_1,83.0,English,USA,G,20000000.0,2012.0,532.0,6.7,,831
2348,Color,Wayne Thornley,39.0,83.0,0.0,700.0,Phil LaMarr,12000.0,,Adventure|Animation|Comedy|Family,Leonard Nimoy,Zambezia ,5203,15680,Noureen DeWulf,0.0,bird|city name in title|falcon|one word title|place name in title,http://www.imdb.com/title/tt1488181/?ref_=fn_tt_tt_1,11.0,English,South Africa,G,20000000.0,2012.0,857.0,5.8,1.78,1000
2371,Color,Britt Allcroft,47.0,85.0,2.0,402.0,Colm Feore,1000.0,15911333.0,Adventure|Comedy|Drama|Family|Fantasy,Mara Wilson,Thomas and the Magic Railroad ,2855,2429,Peter Fonda,1.0,locomotive|magic|mountain|railroad|steam locomotive,http://www.imdb.com/title/tt0205461/?ref_=fn_tt_tt_1,119.0,English,UK,G,19000000.0,2000.0,539.0,3.6,1.85,663
2382,Color,Emile Ardolino,10.0,92.0,22.0,0.0,Kyra Nichols,2.0,2119994.0,Family|Fantasy|Music,Darci Kistler,The Nutcracker ,1153,2,Margaret Tracey,0.0,christmas|lifting female in air|lifting male in air|lifting someone into the air|little girl,http://www.imdb.com/title/tt0107719/?ref_=fn_tt_tt_1,15.0,English,USA,G,19000000.0,1993.0,0.0,5.7,1.85,238
2512,Color,Gary Halvorson,44.0,73.0,11.0,142.0,Kevin Clash,1000.0,11634458.0,Adventure|Comedy|Family|Fantasy|Musical,Vanessa Williams,The Adventures of Elmo in Grouchland ,2045,2020,Caroll Spinney,0.0,based on tv series|blanket|box office flop|rescue|sesame street,http://www.imdb.com/title/tt0159421/?ref_=fn_tt_tt_1,37.0,English,USA,G,17000000.0,1999.0,436.0,5.8,1.85,339
2590,Color,Lasse Hallström,84.0,93.0,529.0,805.0,Sarah Roemer,1000.0,,Drama|Family,Cary-Hiroyuki Tagawa,Hachi: A Dog's Tale ,155249,4453,Joan Allen,0.0,dog|human animal relationship|japanese|loyalty|waiting,http://www.imdb.com/title/tt1028532/?ref_=fn_tt_tt_1,304.0,English,USA,G,16000000.0,2009.0,884.0,8.1,1.85,115000
2665,Color,Elizabeth Allen Rosenbaum,81.0,103.0,20.0,125.0,Hutch Dano,512.0,26161406.0,Adventure|Comedy|Family|Fantasy,Sierra McCormick,Ramona and Beezus ,13874,1002,Jason Spevack,2.0,aunt|cat|death of pet|girl|no opening credits,http://www.imdb.com/title/tt0493949/?ref_=fn_tt_tt_1,52.0,English,USA,G,15000000.0,2010.0,316.0,6.7,2.35,0
2685,Color,Mike Nawrocki,37.0,85.0,12.0,23.0,Cam Clarke,354.0,12701880.0,Adventure|Animation|Comedy|Family,Yuri Lowenthal,The Pirates Who Don't Do Anything: A VeggieTales Movie ,2037,568,Phil Vischer,0.0,17th century|king|pirate|vegetable|waiter,http://www.imdb.com/title/tt0475998/?ref_=fn_tt_tt_1,22.0,English,USA,G,15000000.0,2008.0,173.0,5.7,1.85,175
2686,Color,Catherine Owens,68.0,85.0,0.0,44.0,The Edge,468.0,10353690.0,Documentary|Music,Bono,U2 3D ,2673,646,Larry Mullen Jr.,0.0,3d in title|digit in title|rock band|rocker|u2,http://www.imdb.com/title/tt0892375/?ref_=fn_tt_tt_1,31.0,English,USA,G,,2007.0,67.0,8.4,1.78,116
2696,Color,Steve Gomer,24.0,76.0,9.0,47.0,Kyla Pratt,595.0,11144518.0,Adventure|Family,Trevor Morgan,Barney's Great Adventure ,2724,1139,Shirley Douglas,0.0,apostrophe in title|critically bashed|hit on the head with a ball|punctuation in title|tyrannosaurus rex,http://www.imdb.com/title/tt0120598/?ref_=fn_tt_tt_1,53.0,English,Canada,G,15000000.0,1998.0,417.0,2.8,1.85,436
2782,Color,Mike Nawrocki,38.0,82.0,12.0,8.0,Mike Nawrocki,23.0,25571351.0,Adventure|Animation|Comedy|Drama|Family|Musical,Phil Vischer,Jonah: A VeggieTales Movie ,3135,49,Shelby Vischer,0.0,anthropomorphism|pirate|pirate ship|tomato|whale,http://www.imdb.com/title/tt0298388/?ref_=fn_tt_tt_1,78.0,English,USA,G,14000000.0,2002.0,12.0,6.6,1.85,184
2834,Color,Jon M. Chu,84.0,115.0,209.0,41.0,Sean Kingston,569.0,73000942.0,Documentary|Music,Usher Raymond,Justin Bieber: Never Say Never ,74351,714,Boys II Men,1.0,boyhood friend|manager|plasma tv|prodigy|star,http://www.imdb.com/title/tt1702443/?ref_=fn_tt_tt_1,233.0,English,USA,G,13000000.0,2011.0,69.0,1.6,1.85,62000
2913,Color,Don Bluth,24.0,69.0,383.0,191.0,Gabriel Damon,912.0,48092846.0,Adventure|Animation|Family,Judith Barsi,The Land Before Time ,61753,1833,Bill Erwin,0.0,brontosaurus|classical music|dinosaur|dinosaur feature|earthquake,http://www.imdb.com/title/tt0095489/?ref_=fn_tt_tt_1,133.0,English,USA,G,12500000.0,1988.0,320.0,7.3,1.33,5000
2943,Color,Brian Henson,75.0,89.0,53.0,84.0,Jerry Nelson,227.0,27281507.0,Comedy|Drama|Family|Fantasy|Musical,Steven Mackintosh,The Muppet Christmas Carol ,33850,534,Steve Whitmire,0.0,christmas|christmas eve|miser|muppet|scrooge,http://www.imdb.com/title/tt0104940/?ref_=fn_tt_tt_1,147.0,English,USA,G,12000000.0,1992.0,94.0,7.7,1.85,0
3028,Color,Kenny Ortega,128.0,112.0,197.0,632.0,Matt Prokop,755.0,90556401.0,Comedy|Drama|Family|Music|Musical|Romance,Lucas Grabeel,High School Musical 3: Senior Year ,43795,3507,Corbin Bleu,1.0,basketball|curtain call|graduation|high school|high school senior,http://www.imdb.com/title/tt0962726/?ref_=fn_tt_tt_1,171.0,English,USA,G,11000000.0,2008.0,734.0,4.5,1.85,0
3079,Color,Stanley Kubrick,285.0,161.0,0.0,73.0,Gary Lockwood,273.0,56715371.0,Adventure|Mystery|Sci-Fi,Keir Dullea,2001: A Space Odyssey ,427357,727,Glenn Beck,0.0,ancient astronaut|famous line|message from outer space|monolith|star child,http://www.imdb.com/title/tt0062622/?ref_=fn_tt_tt_1,1736.0,English,UK,G,12000000.0,1968.0,117.0,8.3,2.2,24000
3101, Black and White,Ken Annakin,53.0,178.0,19.0,196.0,Richard Beymer,726.0,,Action|Drama|History|War,Richard Burton,The Longest Day ,43270,1554,Eddie Albert,3.0,allies|d day|invasion|normandy|world war two,http://www.imdb.com/title/tt0056197/?ref_=fn_tt_tt_1,192.0,English,USA,G,10000000.0,1962.0,249.0,7.8,2.35,0
3107,Color,Carol Reed,56.0,153.0,82.0,139.0,Ron Moody,695.0,16800000.0,Drama|Family|Musical,Oliver Reed,Oliver! ,25303,1593,Jack Wild,1.0,abuse|child|orphan|orphanage|pickpocket,http://www.imdb.com/title/tt0063385/?ref_=fn_tt_tt_1,138.0,English,UK,G,10000000.0,1968.0,275.0,7.5,2.35,0
3109,Color,Chuck Sheetz,44.0,82.0,6.0,345.0,Andrew Lawrence,759.0,36696761.0,Animation|Comedy|Family|Mystery|Sci-Fi,Diedrich Bader,Recess: School's Out ,6808,2197,Dabney Coleman,0.0,friend|principal|summer|summer camp|summer vacation,http://www.imdb.com/title/tt0265632/?ref_=fn_tt_tt_1,38.0,English,USA,G,23000000.0,2001.0,563.0,6.5,1.85,227
3142,Color,Patricia Rozema,73.0,101.0,22.0,558.0,Jane Krakowski,918.0,17655201.0,Drama|Family,Julia Ormond,Kit Kittredge: An American Girl ,4719,3317,Willow Smith,1.0,boarding house|girl|great depression|house|ohio,http://www.imdb.com/title/tt0846308/?ref_=fn_tt_tt_1,24.0,English,USA,G,10000000.0,2008.0,624.0,6.7,1.85,851
3179,Color,David Lynch,143.0,112.0,0.0,201.0,Richard Farnsworth,874.0,6197866.0,Biography|Drama,Sissy Spacek,The Straight Story ,63733,1351,Everett McGill,0.0,cane|iowa|lawn mower|tractor|wisconsin,http://www.imdb.com/title/tt0166896/?ref_=fn_tt_tt_1,414.0,English,France,G,10000000.0,1999.0,262.0,8.0,2.35,0
3280,Color,Norman Jewison,66.0,181.0,278.0,51.0,Paul Michael Glaser,402.0,50000000.0,Drama|Family|Musical|Romance,Topol,Fiddler on the Roof ,29839,934,Rosalind Harris,0.0,immigration|jewish|pogrom|tradition|tradition versus modernity,http://www.imdb.com/title/tt0067093/?ref_=fn_tt_tt_1,150.0,English,USA,G,9000000.0,1971.0,343.0,8.0,2.35,0
3356,Color,James Frawley,63.0,95.0,21.0,842.0,Jim Henson,1000.0,76657000.0,Adventure|Comedy|Family|Musical,Madeline Kahn,The Muppet Movie ,25498,5673,Dom DeLuise,0.0,friend|frog leg|on the road|restaurant|the muppets,http://www.imdb.com/title/tt0079588/?ref_=fn_tt_tt_1,92.0,English,UK,G,,1979.0,985.0,7.7,1.85,0
3359,Color,Robert Wise,119.0,174.0,338.0,195.0,Angela Cartwright,354.0,163214286.0,Biography|Drama|Family|Musical|Romance,Eleanor Parker,The Sound of Music ,148172,1495,Nicholas Hammond,3.0,austria|children|governess|love|orchestral music score,http://www.imdb.com/title/tt0059742/?ref_=fn_tt_tt_1,406.0,English,USA,G,8200000.0,1965.0,209.0,8.0,2.35,15000
3518,Color,Tim Chambers,34.0,99.0,2.0,455.0,Marley Shelton,1000.0,1889522.0,Drama|Sport,Ellen Burstyn,The Mighty Macs ,1119,2589,Jennifer Butler,2.0,basketball|catholic|coach|college|nun,http://www.imdb.com/title/tt1034324/?ref_=fn_tt_tt_1,12.0,English,USA,G,7000000.0,2009.0,690.0,6.5,2.35,797
3563,Color,Robert Wise,57.0,115.0,338.0,45.0,Paula Kelly,116.0,,Sci-Fi|Thriller,David Wayne,The Andromeda Strain ,25857,394,Eric Christmas,0.0,alien|baby|new mexico|satellite|scientist,http://www.imdb.com/title/tt0066769/?ref_=fn_tt_tt_1,171.0,English,USA,G,6500000.0,1971.0,112.0,7.2,2.35,0
3708,Color,Blake Edwards,33.0,113.0,688.0,80.0,Herbert Lom,462.0,,Comedy|Crime|Mystery,Burt Kwouk,The Return of the Pink Panther ,19596,971,Catherine Schell,0.0,clouseau|diamond|panther|pink|pink panther,http://www.imdb.com/title/tt0072081/?ref_=fn_tt_tt_1,73.0,English,UK,G,5000000.0,1975.0,278.0,7.1,2.35,620
3723,Color,Maurice Joyce,28.0,77.0,0.0,73.0,Constance Shulman,2000.0,19421271.0,Animation|Comedy|Family,Frank Welker,Doug's 1st Movie ,2448,2908,Alice Playten,1.0,dance|friend|monster|reference to batman|valentine,http://www.imdb.com/title/tt0187819/?ref_=fn_tt_tt_1,18.0,English,USA,G,5000000.0,1999.0,804.0,5.0,1.33,122
3970,Color,Victor Fleming,157.0,226.0,149.0,248.0,George Reeves,503.0,198655278.0,Drama|History|Romance|War,Hattie McDaniel,Gone with the Wind ,215340,1862,Thomas Mitchell,1.0,battle of the sexes|gallantry|honesty|indifference|scandal,http://www.imdb.com/title/tt0031381/?ref_=fn_tt_tt_1,706.0,English,USA,G,3977000.0,1939.0,384.0,8.2,1.37,16000
4024,Color,Luc Jacquet,169.0,80.0,10.0,34.0,Sofie Gråbøl,11000.0,77413017.0,Documentary,Morgan Freeman,March of the Penguins ,45984,11218,Romane Bohringer,0.0,chick|emperor penguin|journey|ocean|penguin,http://www.imdb.com/title/tt0428803/?ref_=fn_tt_tt_1,331.0,French,France,G,8000000.0,2005.0,108.0,7.6,1.85,0
4062,Color,Ted Post,78.0,95.0,57.0,158.0,Gregory Sierra,220.0,,Action|Adventure|Sci-Fi,Linda Harrison,Beneath the Planet of the Apes ,32378,1186,Victor Buono,0.0,ape|astronaut|mission|planet|rescue,http://www.imdb.com/title/tt0065462/?ref_=fn_tt_tt_1,150.0,English,USA,G,3000000.0,1970.0,162.0,6.1,2.35,0
4064,Color,Kunihiko Yuyama,39.0,93.0,8.0,49.0,Eric Stuart,88.0,,Action|Adventure|Animation|Family|Fantasy|Sci-Fi,Veronica Taylor,Pokémon 3: The Movie ,9066,373,Lisa Ortiz,0.0,ash|father|mother|pokemon|professor,http://www.imdb.com/title/tt0235679/?ref_=fn_tt_tt_1,55.0,Japanese,Japan,G,16000000.0,2000.0,82.0,5.6,1.85,38
4093,Color,Mel Stuart,104.0,89.0,21.0,124.0,Jack Albertson,240.0,,Family|Fantasy|Musical,Peter Ostrum,Willy Wonka & the Chocolate Factory ,128334,1011,Julie Dawn Cole,1.0,candy|chocolate|factory|miniaturization|sudden change in size,http://www.imdb.com/title/tt0067992/?ref_=fn_tt_tt_1,349.0,English,USA,G,3000000.0,1971.0,177.0,7.8,1.33,0
4162,Color,Carroll Ballard,33.0,118.0,19.0,48.0,Kelly Reno,481.0,,Adventure|Family|Sport,Teri Garr,The Black Stallion ,8856,681,Hoyt Axton,0.0,black horse|boy horse relationship|horse|rescued by a horse|training,http://www.imdb.com/title/tt0078872/?ref_=fn_tt_tt_1,90.0,English,USA,G,2700000.0,1979.0,81.0,7.4,1.85,0
4185,Color,Don Taylor,74.0,98.0,11.0,450.0,M. Emmet Walsh,595.0,,Action|Sci-Fi,Roddy McDowall,Escape from the Planet of the Apes ,23546,2373,Sal Mineo,0.0,ape|fear|future|spacecraft|spaceship,http://www.imdb.com/title/tt0067065/?ref_=fn_tt_tt_1,92.0,English,USA,G,2500000.0,1971.0,521.0,6.3,2.35,819
4225,Color,James Algar,99.0,120.0,11.0,,Deems Taylor,16.0,76400000.0,Animation|Family|Fantasy|Music,Leopold Stokowski,Fantasia ,71321,16,,0.0,apprentice|classical music|disney|mouse|orchestra,http://www.imdb.com/title/tt0032455/?ref_=fn_tt_tt_1,230.0,English,USA,G,2280000.0,1940.0,0.0,7.8,1.37,3000
4362,Color,J. Lee Thompson,62.0,96.0,88.0,196.0,Paul Williams,595.0,,Action|Sci-Fi,Roddy McDowall,Battle for the Planet of the Apes ,22764,1432,Claude Akins,4.0,ape|general|gorilla|outer space|planet of the apes,http://www.imdb.com/title/tt0069768/?ref_=fn_tt_tt_1,91.0,English,USA,G,1800000.0,1973.0,356.0,5.5,2.35,511
4427, Black and White,Charles Chaplin,120.0,87.0,0.0,8.0,Stanley Blystone,309.0,163245.0,Comedy|Drama|Family,Paulette Goddard,Modern Times ,143086,352,Fred Malatesta,1.0,actor director writer|invention|machine|music score composed by director|tramp,http://www.imdb.com/title/tt0027977/?ref_=fn_tt_tt_1,211.0,English,USA,G,1500000.0,1936.0,8.0,8.6,1.37,0
4591,Color,Kief Davidson,43.0,93.0,0.0,0.0,Brian Whitaker,20.0,100240.0,Documentary,G.W. Krauss,A Lego Brickumentary ,1220,28,Jason Bateman,0.0,artist|denmark|lego|toy|toy company,http://www.imdb.com/title/tt3214286/?ref_=fn_tt_tt_1,11.0,English,Denmark,G,1000000.0,2014.0,8.0,6.8,,0
4725,Color,Joe Camp,5.0,86.0,24.0,142.0,Peter Breck,407.0,39552600.0,Adventure|Family|Romance,Frances Bavier,Benji ,3411,1090,Edgar Buchanan,0.0,animal abuse|cat|dog|dog movie|tween girl,http://www.imdb.com/title/tt0071206/?ref_=fn_tt_tt_1,36.0,English,USA,G,500000.0,1974.0,189.0,6.1,1.85,816
4787,Color,Joe Kenemore,,52.0,0.0,0.0,Jack Canfield,8.0,,Documentary,Bob Proctor,Rise of the Entrepreneur: The Search for a Better Way ,78,10,Eric Worre,0.0,business|entrepreneur|network marketing,http://www.imdb.com/title/tt4273494/?ref_=fn_tt_tt_1,10.0,English,USA,G,450000.0,2014.0,2.0,8.2,,460
4874,Color,Rachel Goldenberg,5.0,93.0,7.0,73.0,Mark Hengst,349.0,,Drama|Musical,Dustin Fitzsimons,Sunday School Musical ,602,631,Debra Lynn Hull,0.0,church|competition|high school|new school|pastor,http://www.imdb.com/title/tt1270792/?ref_=fn_tt_tt_1,18.0,English,USA,G,,2008.0,168.0,2.5,1.85,777
